Ano,Trimestre,Mês,Dia,Sexo,Nome,Código Cliente,Nº de Filhos,E-mail
1950,Trim 1,janeiro,13,Masculino,Bruno Oliveira,743,0,bruno10@outlook.com
1950,Trim 1,fevereiro,1,Masculino,Rubens Valente,117,0,rubens31@icloud.com.br
1950,Trim 1,março,9,Feminino,Raissa Pinheiro,243,2,raissa17@msn.com.br
1950,Trim 2,abril,11,Masculino,Roberto Mattos,424,4,roberto60@hotmail.com.br
1950,Trim 2,abril,15,Feminino,Ana Soledade,123,1,ana9@uol.com.br
1950,Trim 2,junho,4,Feminino,Julia Penteado,17,0,julia36@terra.com.br
1950,Trim 3,julho,13,Masculino,Bernardo Ribeiro,481,2,bernardo41@hotmail.com.br
1950,Trim 3,julho,17,Masculino,Gabriel Garcia,676,1,gabriel67@yahoo.com
1950,Trim 3,agosto,16,Feminino,Marina Marins,622,4,marina23@terra.com
1950,Trim 3,agosto,31,Feminino,Gabrielle Silva,96,3,gabrielle45@gmail.com.br
1950,Trim 3,setembro,4,Masculino,Lucas Costa,772,0,lucas6@terra.com.br
1950,Trim 4,outubro,4,Masculino,João Guadagnino,815,0,joão45@msn.com.br
1950,Trim 4,outubro,7,Feminino,Jéssica Stefanelli,440,0,jéssica27@uol.com
1950,Trim 4,novembro,16,Masculino,Felipe Mendonça,751,3,felipe42@msn.com
1950,Trim 4,novembro,19,Feminino,Larissa Florim,35,0,larissa64@outlook.com.br
1950,Trim 4,dezembro,31,Feminino,Jéssica Resinente,45,3,jéssica61@gmail.com.br
1951,Trim 1,janeiro,17,Feminino,Desirée Heimlich,226,0,desirée56@live.com.br
1951,Trim 1,fevereiro,5,Feminino,Jessica Ferreira,521,0,jessica28@terra.com
1951,Trim 1,fevereiro,28,Masculino,Rafael Carneiro,106,0,rafael45@yahoo.com.br
1951,Trim 1,março,7,Masculino,Gabriel Brito,531,1,gabriel3@msn.com
1951,Trim 2,abril,13,Feminino,Thainá Binello,624,0,thainá29@outlook.com
1951,Trim 2,abril,14,Masculino,Giuseppe Borges,308,2,giuseppe68@uol.com
1951,Trim 2,maio,9,Masculino,Gustavo Erthal,507,0,gustavo48@live.com
1951,Trim 2,junho,3,Masculino,José Fonseca,325,0,josé39@hotmail.com
1951,Trim 3,julho,8,Masculino,Pedro Chou,745,0,pedro40@icloud.com.br
1951,Trim 3,julho,24,Masculino,Carlos Melo,161,0,carlos19@msn.com
1951,Trim 3,agosto,29,Masculino,Cícero Lima,40,2,cícero39@msn.com
1951,Trim 4,novembro,9,Feminino,Bruna Miranda,734,0,bruna13@msn.com
1951,Trim 4,novembro,25,Masculino,Rilson Dias,229,2,rilson58@outlook.com
1951,Trim 4,dezembro,10,Feminino,Fernanda Rubim,822,1,fernanda7@terra.com
1951,Trim 4,dezembro,26,Feminino,Isabela Resende,32,0,isabela3@live.com.br
1952,Trim 1,janeiro,12,Feminino,Elena Barreto,101,0,elena53@uol.com.br
1952,Trim 1,janeiro,31,Masculino,José Seixas,392,0,josé14@gmail.com.br
1952,Trim 1,março,2,Masculino,Lucas Coelho,362,0,lucas17@hotmail.com.br
1952,Trim 2,maio,13,Masculino,João Siqueira,214,0,joão28@gmail.com.br
1952,Trim 2,junho,2,Feminino,Viviane Cunha,110,2,viviane30@hotmail.com
1952,Trim 2,junho,6,Masculino,Wilson Brandão,687,0,wilson47@yahoo.com.br
1952,Trim 2,junho,8,Masculino,Eduardo Quindeler,668,1,eduardo30@hotmail.com.br
1952,Trim 3,julho,15,Feminino,Kim Ferreira,152,0,kim50@icloud.com.br
1952,Trim 4,outubro,13,Masculino,Victor Oliveira,756,4,victor4@gmail.com.br
1952,Trim 4,novembro,7,Feminino,Camille Silva,523,0,camille43@live.com.br
1952,Trim 4,dezembro,5,Masculino,Matheus Silva,621,5,matheus33@icloud.com.br
1952,Trim 4,dezembro,30,Feminino,Maria Fernandes,764,1,maria62@hotmail.com.br
1953,Trim 1,fevereiro,5,Feminino,Juliana Guimarães,286,0,juliana49@hotmail.com.br
1953,Trim 1,fevereiro,16,Masculino,Renan Firmino,401,2,renan63@gmail.com
1953,Trim 1,fevereiro,27,Masculino,José Jesus,194,0,josé5@yahoo.com
1953,Trim 2,abril,9,Masculino,Thiago Costa,73,5,thiago16@gmail.com
1953,Trim 2,abril,29,Feminino,Natalia Andrade,213,2,natalia4@uol.com
1953,Trim 2,maio,9,Feminino,Juliana Souza,49,1,juliana44@uol.com
1953,Trim 2,maio,29,Masculino,Nicolas Monteiro,220,2,nicolas12@uol.com.br
1953,Trim 2,junho,6,Feminino,Júlia Almeida,136,3,júlia64@yahoo.com.br
1953,Trim 3,julho,29,Masculino,Juan Vasconcelos,747,0,juan37@uol.com
1953,Trim 3,agosto,12,Masculino,João Capitulo,178,0,joão14@gmail.com
1953,Trim 4,outubro,7,Feminino,Izabel Miura,346,0,izabel24@hotmail.com.br
1953,Trim 4,novembro,1,Masculino,Tiago Pereira,16,0,tiago48@icloud.com.br
1953,Trim 4,novembro,27,Masculino,Luiz Marinho,616,3,luiz27@icloud.com
1953,Trim 4,dezembro,15,Masculino,Matheus Moraes,141,2,matheus26@msn.com.br
1954,Trim 1,março,1,Masculino,Bruno Silva,133,3,bruno54@outlook.com
1954,Trim 1,março,15,Masculino,Vittorio Freitas,230,1,vittorio4@terra.com
1954,Trim 2,abril,6,Feminino,Luiza Johnson,436,0,luiza66@uol.com.br
1954,Trim 2,abril,7,Feminino,Carolina Santos,650,0,carolina19@terra.com.br
1954,Trim 2,abril,29,Masculino,Roger Rosa,239,0,roger64@uol.com
1954,Trim 2,maio,12,Masculino,Hércules Moreira,782,0,hércules67@live.com
1954,Trim 3,agosto,21,Masculino,Alon Guedes,739,2,alon69@yahoo.com.br
1954,Trim 3,setembro,20,Feminino,Amanda Braga,83,0,amanda57@msn.com.br
1954,Trim 4,outubro,11,Masculino,Fillipe Almeida,418,0,fillipe17@icloud.com
1954,Trim 4,outubro,22,Masculino,Alon Fahrnholz,791,4,alon70@uol.com
1954,Trim 4,outubro,24,Feminino,Ives Teixeira,80,3,ives34@gmail.com
1954,Trim 4,outubro,29,Feminino,Julia Ribeiro,730,0,julia24@outlook.com
1954,Trim 4,novembro,7,Masculino,Thales Portillo,538,4,thales18@hotmail.com
1954,Trim 4,novembro,8,Masculino,Lucas Assunção,182,0,lucas33@terra.com.br
1954,Trim 4,dezembro,12,Masculino,João Aires,14,1,joão17@live.com
1955,Trim 1,janeiro,6,Masculino,Bernardo Borges,615,0,bernardo31@outlook.com
1955,Trim 1,janeiro,20,Feminino,Natalia Marinho,7,4,natalia44@icloud.com
1955,Trim 1,janeiro,28,Feminino,Adriane Gomes,361,0,adriane42@uol.com
1955,Trim 1,fevereiro,12,Feminino,Daniela Andrada,415,1,daniela33@uol.com.br
1955,Trim 1,março,4,Feminino,Marina Delgado,334,0,marina18@gmail.com.br
1955,Trim 1,março,24,Feminino,Clarissa Santos,495,4,clarissa62@terra.com.br
1955,Trim 2,abril,25,Masculino,Lázaro Villanova,142,0,lázaro48@uol.com.br
1955,Trim 2,maio,21,Feminino,Natalia Guedes,24,1,natalia20@outlook.com
1955,Trim 2,maio,24,Masculino,Brenno Santos,395,0,brenno21@live.com
1955,Trim 2,junho,8,Masculino,Luiz Almeida,497,2,luiz54@live.com.br
1955,Trim 3,julho,3,Masculino,Victor Gomes,724,0,victor26@icloud.com.br
1955,Trim 3,julho,15,Masculino,Matheus Sapir,795,3,matheus17@uol.com
1955,Trim 3,julho,19,Masculino,Diogo Ressurreição,746,1,diogo5@yahoo.com.br
1955,Trim 3,julho,24,Masculino,Eric Carvalho,585,0,eric22@icloud.com.br
1955,Trim 3,agosto,24,Feminino,Juliana Mesquita,53,1,juliana41@terra.com.br
1955,Trim 3,setembro,15,Feminino,Maria Gasperi,78,0,maria6@terra.com.br
1955,Trim 4,outubro,21,Masculino,Raul Silveira,461,0,raul31@gmail.com
1955,Trim 4,novembro,3,Masculino,João Silva,331,0,joão5@outlook.com
1955,Trim 4,novembro,17,Masculino,Ulisses Filho,396,0,ulisses54@uol.com
1955,Trim 4,novembro,18,Masculino,Eduardo Silva,13,0,eduardo57@live.com.br
1956,Trim 1,janeiro,24,Feminino,Bruna Silveira,72,2,bruna29@msn.com.br
1956,Trim 1,março,29,Feminino,Luíza Goulart,528,3,luíza25@outlook.com
1956,Trim 2,junho,14,Masculino,Thiago Nóbrega,304,2,thiago13@uol.com
1956,Trim 2,junho,22,Masculino,Allan Candido,558,1,allan46@terra.com.br
1956,Trim 3,julho,10,Feminino,Camilla Vieira,501,2,camilla31@outlook.com.br
1956,Trim 3,julho,10,Masculino,Ulisses Quinto,688,2,ulisses15@icloud.com.br
1956,Trim 3,julho,16,Masculino,João Pedrazza,405,3,joão20@uol.com.br
1956,Trim 3,julho,18,Masculino,Anderson Martins,91,2,anderson45@yahoo.com
1956,Trim 4,outubro,10,Feminino,Juliana Correa,44,2,juliana64@live.com
1956,Trim 4,novembro,4,Masculino,Gustavo Junior,97,1,gustavo17@gmail.com
1956,Trim 4,novembro,18,Masculino,Itai Puntel,449,0,itai19@terra.com
1956,Trim 4,novembro,26,Masculino,Lázaro Nascimento,626,2,lázaro48@terra.com
1956,Trim 4,dezembro,16,Masculino,Caio Moraes,79,2,caio63@msn.com
1956,Trim 4,dezembro,30,Feminino,Marina Miranda,800,0,marina29@msn.com
1957,Trim 1,janeiro,4,Masculino,Sthefeson Pereira,1,4,sthefeson8@icloud.com
1957,Trim 2,abril,6,Feminino,Gabrielle Wanderley,486,2,gabrielle63@hotmail.com.br
1957,Trim 2,abril,30,Masculino,Renan Freire,283,0,renan10@hotmail.com.br
1957,Trim 2,maio,14,Feminino,Anna Silva,412,2,anna12@live.com.br
1957,Trim 3,julho,16,Masculino,Gabriel Rubim,576,1,gabriel48@live.com.br
1957,Trim 3,setembro,15,Feminino,Marina Gama,433,1,marina56@icloud.com.br
1957,Trim 3,setembro,25,Masculino,Carlos Cardoso,378,0,carlos30@live.com
1957,Trim 4,outubro,27,Feminino,Andressa Nóbrega,232,1,andressa41@live.com
1957,Trim 4,novembro,6,Masculino,Cézar Santos,248,3,cézar7@gmail.com
1957,Trim 4,dezembro,27,Feminino,Carolina Brum,595,1,carolina34@uol.com.br
1957,Trim 4,dezembro,30,Masculino,Ruan Gonçalves,552,0,ruan10@outlook.com.br
1958,Trim 1,janeiro,2,Masculino,Felipe Paulo,541,0,felipe45@icloud.com.br
1958,Trim 1,fevereiro,1,Feminino,Maria Moita,76,0,maria27@yahoo.com
1958,Trim 1,fevereiro,16,Feminino,Juliana Pacheco,368,1,juliana50@gmail.com.br
1958,Trim 1,março,18,Feminino,Raísa Rodrigues,500,0,raísa10@live.com
1958,Trim 1,março,27,Masculino,Victor Zakhm,550,1,victor40@live.com.br
1958,Trim 2,abril,30,Feminino,Milena Alcoforado,237,0,milena60@gmail.com.br
1958,Trim 2,maio,15,Masculino,Ian Almeida,118,2,ian41@uol.com.br
1958,Trim 2,junho,3,Feminino,Deysiane Bach,760,4,deysiane57@gmail.com.br
1958,Trim 2,junho,3,Masculino,Carlos Assis,431,0,carlos17@msn.com
1958,Trim 3,julho,30,Feminino,Daniela Rosa,359,0,daniela53@outlook.com
1958,Trim 3,agosto,21,Feminino,Aline Andrade,490,0,aline16@terra.com
1958,Trim 3,agosto,23,Feminino,Maria Mello,646,1,maria64@live.com.br
1958,Trim 3,setembro,9,Feminino,Paula Silva,645,1,paula27@icloud.com.br
1958,Trim 4,outubro,7,Feminino,Milena Pereira,686,1,milena25@msn.com
1958,Trim 4,outubro,22,Masculino,Lucas Reis,483,0,lucas60@yahoo.com.br
1958,Trim 4,outubro,23,Masculino,Daniel Costa,801,3,daniel36@yahoo.com
1958,Trim 4,novembro,5,Feminino,Ana Leite,649,1,ana50@yahoo.com.br
1958,Trim 4,dezembro,3,Masculino,Lucas Freire,630,5,lucas26@uol.com
1958,Trim 4,dezembro,13,Feminino,Wen Braga,255,1,wen46@uol.com.br
1959,Trim 1,janeiro,11,Masculino,Jonatas Essaber,803,0,jonatas15@msn.com
1959,Trim 1,março,15,Masculino,Henrique Villanova,251,0,henrique36@live.com
1959,Trim 1,março,30,Feminino,Maria Junior,381,0,maria47@uol.com
1959,Trim 2,abril,27,Feminino,Marcela Johnson,432,0,marcela27@outlook.com
1959,Trim 2,maio,6,Feminino,Rafaela Gonçalves,699,3,rafaela49@live.com.br
1959,Trim 2,junho,8,Masculino,Alvaro Ferreira,634,1,alvaro21@terra.com.br
1959,Trim 3,julho,19,Feminino,Nina Magalhães,57,1,nina61@hotmail.com
1959,Trim 3,julho,20,Masculino,Guilherme Rachide,537,0,guilherme37@live.com.br
1959,Trim 3,agosto,12,Feminino,Caroline Pinto,475,3,caroline3@outlook.com
1959,Trim 3,agosto,27,Masculino,Norman Jimbo,809,0,norman54@outlook.com
1959,Trim 4,outubro,1,Masculino,Caio Moura,404,0,caio26@gmail.com
1959,Trim 4,novembro,3,Masculino,Gabriel Rocha,625,1,gabriel33@yahoo.com
1959,Trim 4,novembro,18,Masculino,Raphael Machado,259,1,raphael44@icloud.com
1959,Trim 4,novembro,24,Feminino,Leticia Mesquita,309,2,leticia47@gmail.com.br
1959,Trim 4,dezembro,1,Feminino,Ananda Gouvêa,757,3,ananda31@yahoo.com.br
1960,Trim 1,janeiro,11,Feminino,Luíza Melo,36,0,luíza33@live.com.br
1960,Trim 1,fevereiro,7,Feminino,Adrielle Gabriel,736,0,adrielle24@uol.com.br
1960,Trim 1,fevereiro,14,Feminino,Rebeca Reis,508,0,rebeca19@icloud.com.br
1960,Trim 1,fevereiro,17,Masculino,Guido Monteiro,655,2,guido25@live.com
1960,Trim 1,março,8,Masculino,Rafael Portela,788,0,rafael68@uol.com.br
1960,Trim 1,março,9,Masculino,Gabriel Soares,458,0,gabriel18@uol.com
1960,Trim 2,junho,8,Feminino,Carolina Bernardes,322,0,carolina57@uol.com.br
1960,Trim 3,agosto,5,Masculino,Nathan Rocha,661,0,nathan32@icloud.com.br
1960,Trim 4,outubro,8,Masculino,Henrique Souza,684,4,henrique14@terra.com
1960,Trim 4,outubro,18,Masculino,Wilson Meirelles,293,0,wilson63@uol.com.br
1960,Trim 4,novembro,12,Feminino,Paloma Sperandei,224,0,paloma43@yahoo.com.br
1960,Trim 4,dezembro,2,Masculino,Raphael Filho,191,0,raphael69@hotmail.com.br
1960,Trim 4,dezembro,6,Masculino,Pedro Ayres,567,1,pedro10@yahoo.com.br
1960,Trim 4,dezembro,12,Feminino,Rafaela Feio,553,0,rafaela55@live.com
1961,Trim 1,fevereiro,22,Masculino,Thomáz Bôas,519,0,thomáz63@uol.com
1961,Trim 1,março,19,Masculino,Gabriel Ribeiro,678,0,gabriel3@uol.com
1961,Trim 2,abril,22,Feminino,Joyce Souza,777,2,joyce19@live.com.br
1961,Trim 2,maio,15,Feminino,Katharina Barros,277,0,katharina9@terra.com
1961,Trim 3,julho,7,Masculino,Fabio Boccaletti,42,1,fabio35@icloud.com
1961,Trim 3,julho,10,Feminino,Isabelle Gonçalves,393,0,isabelle24@live.com.br
1961,Trim 3,julho,21,Feminino,Viviane Souza,147,5,viviane16@yahoo.com
1961,Trim 3,julho,21,Masculino,Breno Caputo,442,3,breno23@yahoo.com.br
1961,Trim 3,julho,28,Masculino,Bárbara Lima,420,1,bárbara25@outlook.com.br
1961,Trim 3,agosto,4,Masculino,Pedro Buraco,592,0,pedro39@live.com.br
1961,Trim 3,agosto,5,Masculino,Bruno Ferreira,328,4,bruno51@msn.com
1961,Trim 3,agosto,6,Masculino,Danilo Mendonça,167,0,danilo6@outlook.com
1961,Trim 3,agosto,7,Feminino,Bruna Londero,335,1,bruna51@live.com.br
1961,Trim 4,outubro,6,Masculino,Luiz Campista,611,0,luiz40@uol.com
1961,Trim 4,novembro,4,Feminino,Laura Araujo,484,1,laura17@msn.com
1961,Trim 4,novembro,20,Masculino,Stefan Nunes,574,0,stefan50@icloud.com
1961,Trim 4,novembro,26,Masculino,Rodrigo Ramos,98,2,rodrigo69@yahoo.com.br
1961,Trim 4,dezembro,18,Masculino,Daniel Monteiro,452,0,daniel65@gmail.com.br
1962,Trim 1,janeiro,18,Masculino,Rodrigo Bruno,29,0,rodrigo31@gmail.com
1962,Trim 1,fevereiro,28,Masculino,Célio Xavier,503,2,célio69@outlook.com
1962,Trim 2,abril,29,Feminino,Gabriela Aliani,681,0,gabriela37@uol.com.br
1962,Trim 2,maio,3,Masculino,Matheus Gomes,266,0,matheus47@uol.com.br
1962,Trim 2,junho,1,Feminino,Ana Gomes,271,0,ana44@terra.com.br
1962,Trim 3,julho,4,Feminino,Beatriz Santos,619,3,beatriz22@msn.com.br
1962,Trim 3,agosto,10,Masculino,Carlos Portela,62,1,carlos69@msn.com
1962,Trim 3,setembro,8,Feminino,Laís Oliveira,85,1,laís7@uol.com.br
1962,Trim 4,outubro,5,Masculino,Gabriel Silva,201,3,gabriel62@msn.com.br
1962,Trim 4,novembro,29,Feminino,Manuela Ferreira,43,0,manuela41@icloud.com.br
1962,Trim 4,dezembro,1,Masculino,Matheus Gomes,82,0,matheus70@icloud.com
1962,Trim 4,dezembro,6,Masculino,Lucas Neto,820,0,lucas24@yahoo.com
1963,Trim 1,janeiro,1,Feminino,Andreza Ramos,543,1,andreza54@hotmail.com
1963,Trim 1,fevereiro,15,Feminino,Ana Monte,402,0,ana54@outlook.com
1963,Trim 1,março,25,Masculino,João Alves,158,1,joão58@outlook.com.br
1963,Trim 1,março,31,Feminino,Fernanda Coutinho,680,0,fernanda11@uol.com
1963,Trim 2,junho,17,Feminino,Karina Camara,609,3,karina36@hotmail.com.br
1963,Trim 3,julho,14,Feminino,Isabella Scalabrin,463,0,isabella60@gmail.com
1963,Trim 3,agosto,27,Feminino,Sarah Souza,209,0,sarah65@hotmail.com
1963,Trim 3,setembro,20,Feminino,Paula Calbucci,398,0,paula44@gmail.com.br
1963,Trim 3,setembro,22,Masculino,Pedro Cardoso,313,0,pedro51@terra.com.br
1963,Trim 4,novembro,14,Feminino,Beatriz Biase,565,4,beatriz60@msn.com.br
1963,Trim 4,novembro,15,Masculino,Mateus Franco,721,0,mateus23@yahoo.com
1963,Trim 4,novembro,28,Masculino,Lucas Valim,613,2,lucas3@live.com
1964,Trim 1,março,9,Masculino,Alexandre Rodriguez,23,0,alexandre44@uol.com
1964,Trim 1,março,15,Feminino,Bianca Paz,3,0,bianca53@live.com.br
1964,Trim 2,abril,23,Masculino,Henrique Silva,818,0,henrique11@terra.com.br
1964,Trim 2,abril,26,Masculino,Cícero Ramos,775,1,cícero7@outlook.com.br
1964,Trim 2,maio,1,Masculino,Cassio Faria,765,2,cassio34@gmail.com
1964,Trim 3,julho,28,Feminino,Priscila Vogel,516,4,priscila68@uol.com.br
1964,Trim 3,agosto,21,Masculino,Juan Barbosa,474,2,juan41@outlook.com.br
1964,Trim 4,outubro,8,Masculino,Carlos Araujo,709,0,carlos35@outlook.com.br
1964,Trim 4,outubro,21,Masculino,Felipe Júnior,578,1,felipe61@icloud.com
1964,Trim 4,novembro,8,Masculino,Danilo Rubim,303,0,danilo43@gmail.com
1964,Trim 4,dezembro,1,Feminino,Thays Castro,20,0,thays23@uol.com
1965,Trim 1,janeiro,14,Masculino,Cláudio Aragão,598,0,cláudio21@msn.com.br
1965,Trim 1,março,4,Feminino,Paula Isbelle,375,0,paula40@hotmail.com.br
1965,Trim 2,abril,11,Feminino,Ana Carvalho,340,4,ana43@hotmail.com.br
1965,Trim 2,maio,31,Feminino,Debora Silva,510,5,debora32@gmail.com
1965,Trim 3,agosto,20,Feminino,Stela Mendonça,477,0,stela61@outlook.com
1965,Trim 3,setembro,4,Masculino,Guilherme Merotto,233,0,guilherme17@live.com
1965,Trim 3,setembro,15,Masculino,André Alves,491,0,andré21@icloud.com.br
1965,Trim 3,setembro,23,Masculino,Philipe Morete,252,3,philipe29@msn.com.br
1965,Trim 4,outubro,9,Feminino,Lorena Kohn,290,0,lorena18@live.com
1965,Trim 4,outubro,31,Masculino,Gustavo Assis,784,0,gustavo61@terra.com
1965,Trim 4,dezembro,17,Feminino,Barbara Procaci,376,0,barbara69@live.com.br
1966,Trim 1,janeiro,19,Masculino,Eduardo Soares,89,0,eduardo10@gmail.com
1966,Trim 1,fevereiro,9,Masculino,Carlos Silva,571,2,carlos31@live.com
1966,Trim 1,março,4,Masculino,Bruno Temporal,675,3,bruno59@uol.com
1966,Trim 2,abril,6,Masculino,Jorge Carvalho,165,1,jorge5@gmail.com
1966,Trim 2,abril,14,Feminino,Myllena Carneiro,56,2,myllena4@icloud.com.br
1966,Trim 3,julho,13,Masculino,Fabio Ramos,188,5,fabio62@outlook.com
1966,Trim 3,julho,28,Masculino,Helvio Pedrosa,282,2,helvio34@msn.com
1966,Trim 3,agosto,11,Masculino,Marcelo Magalhães,166,0,marcelo53@live.com
1966,Trim 3,agosto,27,Masculino,Igor Azevedo,814,0,igor48@gmail.com
1966,Trim 3,setembro,4,Masculino,Maurício Dias,460,2,maurício4@yahoo.com.br
1966,Trim 4,outubro,1,Feminino,Victoria Mazza,752,0,victoria53@msn.com.br
1966,Trim 4,outubro,28,Masculino,Felipe Jorge,129,1,felipe45@outlook.com.br
1966,Trim 4,novembro,14,Feminino,Michelle Miura,546,0,michelle54@gmail.com.br
1966,Trim 4,dezembro,3,Masculino,Mateus Duque,692,0,mateus36@terra.com
1966,Trim 4,dezembro,9,Feminino,Mariana Rotava,644,0,mariana46@msn.com
1967,Trim 1,fevereiro,11,Masculino,Diogo Peixoto,39,0,diogo68@yahoo.com.br
1967,Trim 1,fevereiro,19,Masculino,José Vieira,627,0,josé30@live.com
1967,Trim 2,abril,23,Masculino,Pedro Conceição,155,2,pedro54@gmail.com.br
1967,Trim 2,abril,24,Feminino,Giulia Lopes,535,0,giulia60@outlook.com.br
1967,Trim 2,maio,2,Feminino,Mariana Barrozo,753,0,mariana43@uol.com.br
1967,Trim 2,maio,6,Feminino,Ana Fioretti,421,0,ana32@terra.com.br
1967,Trim 2,maio,23,Feminino,Marcela Gasperi,643,0,marcela65@msn.com.br
1967,Trim 2,maio,26,Masculino,João Rodrigues,763,4,joão66@live.com.br
1967,Trim 2,maio,29,Feminino,Adrielle Forte,46,0,adrielle46@hotmail.com
1967,Trim 2,junho,18,Masculino,Pedro Santos,597,0,pedro44@icloud.com
1967,Trim 2,junho,28,Masculino,Caio Affonso,289,0,caio23@icloud.com.br
1967,Trim 3,agosto,31,Feminino,Gabriela Mello,156,3,gabriela60@icloud.com
1967,Trim 3,setembro,25,Feminino,Patrícia Ferreira,371,0,patrícia68@uol.com
1967,Trim 3,setembro,26,Feminino,Ana Silva,301,2,ana37@gmail.com.br
1967,Trim 4,outubro,24,Masculino,Khaio Mesquita,353,0,khaio54@outlook.com.br
1968,Trim 1,fevereiro,15,Masculino,Matheus Miranda,113,4,matheus30@msn.com.br
1968,Trim 1,fevereiro,28,Masculino,Henrique Lencastre,317,0,henrique3@live.com.br
1968,Trim 1,março,18,Feminino,Isabelle Firmino,570,0,isabelle50@msn.com.br
1968,Trim 2,abril,4,Feminino,Thais Rodrigues,302,3,thais24@live.com
1968,Trim 2,abril,9,Feminino,Juliana Hollander,581,2,juliana42@msn.com.br
1968,Trim 2,maio,16,Feminino,Ana Júnior,365,2,ana15@msn.com
1968,Trim 2,junho,11,Masculino,Arthur Rocha,12,0,arthur41@uol.com
1968,Trim 2,junho,17,Masculino,Daniel Ortiz,387,0,daniel64@terra.com
1968,Trim 3,julho,2,Feminino,Clara Bruno,60,0,clara25@icloud.com.br
1968,Trim 3,julho,6,Feminino,Isabela Chagas,102,0,isabela65@msn.com.br
1968,Trim 3,julho,9,Feminino,Mayara Soares,614,0,mayara62@uol.com
1968,Trim 3,julho,16,Feminino,Mariana Miranda,74,0,mariana41@yahoo.com
1968,Trim 3,setembro,17,Masculino,Felipe Mello,126,0,felipe27@yahoo.com.br
1968,Trim 4,outubro,10,Masculino,Fabio Sepúlveda,504,2,fabio47@msn.com
1968,Trim 4,outubro,24,Feminino,Larissa Nauenberg,305,0,larissa31@gmail.com
1968,Trim 4,dezembro,11,Masculino,Patrick Silva,339,4,patrick69@outlook.com.br
1968,Trim 4,dezembro,22,Feminino,Carolina Figueiredo,654,1,carolina35@hotmail.com.br
1968,Trim 4,dezembro,31,Masculino,João Júnior,799,0,joão12@icloud.com
1969,Trim 1,janeiro,6,Feminino,Amanda Machado,261,2,amanda22@gmail.com
1969,Trim 1,fevereiro,1,Feminino,Bruna Rosa,434,0,bruna3@hotmail.com.br
1969,Trim 1,fevereiro,9,Masculino,Leonardo Faria,819,0,leonardo47@outlook.com.br
1969,Trim 1,fevereiro,14,Feminino,Camilla Guimarães,99,2,camilla20@yahoo.com
1969,Trim 2,abril,8,Feminino,Stephanie Novak,384,1,stephanie66@yahoo.com.br
1969,Trim 2,maio,29,Masculino,Mateus Polastri,122,0,mateus65@msn.com.br
1969,Trim 2,junho,30,Feminino,Ana Silva,6,4,ana59@outlook.com.br
1969,Trim 3,julho,8,Feminino,Thaís Pereira,706,2,thaís38@msn.com
1969,Trim 3,julho,29,Feminino,Roberta Pimenta,153,4,roberta20@msn.com
1969,Trim 3,agosto,14,Masculino,Hércules Júnior,219,0,hércules18@uol.com
1969,Trim 3,agosto,15,Masculino,Thomaz Ferreira,65,2,thomaz10@uol.com.br
1969,Trim 3,agosto,24,Masculino,Matheus Ramos,674,1,matheus51@uol.com.br
1969,Trim 3,setembro,10,Masculino,Jônatas Soares,690,2,jônatas31@terra.com.br
1969,Trim 4,outubro,28,Masculino,Raphael Rezende,544,0,raphael17@hotmail.com.br
1969,Trim 4,outubro,31,Feminino,Maria Cardoso,551,4,maria41@gmail.com.br
1970,Trim 1,janeiro,17,Masculino,Matheus Afonso,653,2,matheus28@live.com
1970,Trim 1,janeiro,22,Masculino,Rodrigo Mendes,169,0,rodrigo28@yahoo.com
1970,Trim 1,fevereiro,6,Masculino,Daniel Alcoforado,416,0,daniel33@gmail.com.br
1970,Trim 1,fevereiro,27,Masculino,Eric Neves,455,0,eric12@outlook.com.br
1970,Trim 1,março,15,Masculino,Victor Magalhães,419,1,victor65@yahoo.com.br
1970,Trim 1,março,17,Feminino,Mariana Sousa,326,0,mariana45@gmail.com.br
1970,Trim 2,maio,9,Feminino,Camilla Cardeman,705,0,camilla59@gmail.com
1970,Trim 2,maio,11,Feminino,Karine Barros,181,1,karine37@yahoo.com.br
1970,Trim 2,maio,14,Feminino,Marina Aragão,264,1,marina19@outlook.com
1970,Trim 2,maio,16,Masculino,Jonas Gomes,758,0,jonas27@live.com.br
1970,Trim 2,maio,16,Masculino,Rodrigo Feijo,323,0,rodrigo64@live.com
1970,Trim 2,maio,25,Masculino,Jônatas Castro,400,3,jônatas54@terra.com.br
1970,Trim 2,junho,16,Masculino,Iuri Neto,545,0,iuri44@uol.com
1970,Trim 3,julho,2,Feminino,Giselia Thiele,250,0,giselia37@msn.com.br
1970,Trim 3,julho,9,Masculino,Wellington Duarte,561,2,wellington4@outlook.com
1970,Trim 4,outubro,17,Feminino,Lorena Carvalho,682,2,lorena65@icloud.com
1970,Trim 4,novembro,3,Masculino,Guilherme Castilho,482,1,guilherme13@hotmail.com
1970,Trim 4,novembro,16,Masculino,Raphael Ferman,287,0,raphael54@live.com
1971,Trim 1,fevereiro,9,Feminino,Yasmim Bittencourt,527,0,yasmim30@gmail.com
1971,Trim 1,março,27,Masculino,Breno Costa,352,0,breno18@uol.com.br
1971,Trim 2,abril,10,Masculino,Thales Andrade,112,3,thales9@gmail.com.br
1971,Trim 2,abril,15,Feminino,Ana Felippe,244,3,ana43@live.com.br
1971,Trim 2,maio,7,Feminino,Michelle Pereira,600,2,michelle61@live.com.br
1971,Trim 2,maio,9,Masculino,Breno Britto,87,0,breno45@yahoo.com.br
1971,Trim 2,maio,12,Feminino,Joyce Medina,217,1,joyce61@hotmail.com.br
1971,Trim 2,maio,30,Feminino,Juliana Huon,119,0,juliana49@uol.com
1971,Trim 2,junho,2,Feminino,Cecília Barros,716,0,cecília51@uol.com
1971,Trim 2,junho,23,Masculino,Ulisses Arruda,132,0,ulisses51@hotmail.com
1971,Trim 2,junho,25,Masculino,Henrique Oliveira,54,3,henrique5@hotmail.com.br
1971,Trim 3,agosto,8,Masculino,Nathan Morelli,462,0,nathan38@yahoo.com
1971,Trim 3,setembro,19,Feminino,Catarina Teixeira,338,0,catarina40@icloud.com.br
1971,Trim 3,setembro,23,Feminino,Mariane Ferreira,577,3,mariane16@icloud.com
1971,Trim 4,outubro,19,Feminino,Anna Maia,163,1,anna14@outlook.com.br
1971,Trim 4,novembro,10,Feminino,Luiza Farias,380,4,luiza38@icloud.com.br
1971,Trim 4,novembro,13,Masculino,Pedro Ferrari,397,4,pedro3@hotmail.com
1971,Trim 4,novembro,21,Feminino,Ana Bôas,121,4,ana20@yahoo.com.br
1972,Trim 1,janeiro,21,Feminino,Gabriela Cavalcanti,284,0,gabriela29@live.com
1972,Trim 1,janeiro,26,Masculino,Wilson Vianna,34,3,wilson38@live.com.br
1972,Trim 1,fevereiro,17,Masculino,Diego Rodrigues,408,0,diego54@icloud.com
1972,Trim 2,abril,13,Feminino,Wendela Mariz,127,0,wendela14@msn.com.br
1972,Trim 2,junho,18,Masculino,Guilherme Lima,568,5,guilherme26@uol.com
1972,Trim 2,junho,24,Feminino,Maria Costa,742,0,maria59@uol.com.br
1972,Trim 3,julho,31,Feminino,Bianca Procaci,38,1,bianca44@hotmail.com.br
1972,Trim 3,agosto,14,Feminino,Giovana Vilela,369,2,giovana60@terra.com.br
1972,Trim 3,setembro,12,Feminino,Ana Almeida,216,4,ana46@icloud.com.br
1972,Trim 3,setembro,21,Masculino,Bruno Salomão,549,2,bruno15@icloud.com
1972,Trim 3,setembro,22,Feminino,Juliana Goes,817,0,juliana63@msn.com.br
1972,Trim 4,outubro,12,Feminino,Elaine Santos,478,3,elaine22@live.com.br
1972,Trim 4,dezembro,2,Masculino,Antônio Oliveira,265,1,antônio42@terra.com
1973,Trim 1,janeiro,22,Feminino,Sandy Ribeiro,723,0,sandy28@gmail.com
1973,Trim 1,março,6,Feminino,Paula Cavalcanti,438,0,paula25@hotmail.com
1973,Trim 1,março,12,Feminino,Juliana Barreira,629,0,juliana15@gmail.com.br
1973,Trim 1,março,13,Masculino,Thomáz Vannier,604,0,thomáz34@icloud.com
1973,Trim 1,março,19,Masculino,Alexandre Dantas,671,3,alexandre44@terra.com
1973,Trim 2,abril,12,Masculino,Júlio Fraga,68,2,júlio11@uol.com
1973,Trim 2,maio,26,Masculino,Guilherme Lima,144,0,guilherme17@hotmail.com.br
1973,Trim 2,junho,7,Feminino,Paula Carneiro,583,2,paula61@hotmail.com
1973,Trim 2,junho,7,Masculino,Giuseppe Bhering,31,0,giuseppe44@yahoo.com.br
1973,Trim 2,junho,8,Masculino,Thomáz Rodriguez,445,4,thomáz63@hotmail.com
1973,Trim 3,julho,24,Masculino,Antonio Bernhardt,137,0,antonio19@outlook.com
1973,Trim 3,agosto,15,Masculino,Caio Silva,356,0,caio6@terra.com.br
1973,Trim 3,setembro,4,Feminino,Sandy Moreira,410,1,sandy24@gmail.com.br
1973,Trim 3,setembro,13,Feminino,Wen Santos,685,0,wen19@outlook.com.br
1973,Trim 3,setembro,21,Masculino,Jonatas Passos,329,3,jonatas36@yahoo.com
1973,Trim 4,novembro,9,Masculino,João Menezes,189,2,joão34@hotmail.com.br
1974,Trim 1,janeiro,21,Feminino,Lara Moreira,221,0,lara12@gmail.com.br
1974,Trim 1,fevereiro,24,Masculino,Guilherme Azevedo,704,0,guilherme51@live.com
1974,Trim 1,março,11,Masculino,Bruno Velucci,636,1,bruno54@msn.com.br
1974,Trim 1,março,12,Masculino,Guilherme Seixas,518,3,guilherme44@terra.com.br
1974,Trim 2,maio,27,Masculino,Lucas Rocha,374,3,lucas63@outlook.com.br
1974,Trim 3,setembro,9,Feminino,Natália Appel,104,2,natália5@hotmail.com.br
1974,Trim 3,setembro,29,Feminino,Thaís Ribeiro,134,2,thaís68@terra.com
1974,Trim 4,dezembro,18,Feminino,Luis Souza,526,0,luis15@yahoo.com.br
1974,Trim 4,dezembro,24,Masculino,Alex Fernandes,379,0,alex47@terra.com
1975,Trim 1,março,8,Masculino,Matheus Souza,773,1,matheus66@yahoo.com
1975,Trim 2,abril,11,Feminino,Fernanda Junior,37,0,fernanda51@live.com.br
1975,Trim 2,abril,12,Feminino,Luiza Cavalcanti,522,1,luiza3@terra.com
1975,Trim 2,abril,27,Masculino,Roberto Nogueira,94,0,roberto64@msn.com
1975,Trim 3,julho,28,Masculino,Daniel Terra,225,1,daniel65@terra.com
1975,Trim 3,agosto,5,Feminino,Vanessa Bach,663,0,vanessa41@gmail.com
1975,Trim 3,setembro,27,Masculino,Gustavo Accardo,183,0,gustavo51@gmail.com.br
1975,Trim 3,setembro,28,Feminino,Lívia Marques,796,4,lívia29@icloud.com
1975,Trim 4,outubro,14,Masculino,Lenon Fernandes,382,1,lenon35@yahoo.com.br
1975,Trim 4,outubro,20,Masculino,Pedro Santana,107,2,pedro53@msn.com
1975,Trim 4,dezembro,30,Masculino,Stefan Santos,92,1,stefan69@gmail.com.br
1976,Trim 1,janeiro,17,Feminino,Beatriz Perdomo,311,0,beatriz59@icloud.com.br
1976,Trim 1,fevereiro,24,Masculino,Luã Sá,279,3,luã48@terra.com
1976,Trim 1,março,3,Feminino,Marina Cormack,71,3,marina63@msn.com
1976,Trim 2,abril,3,Feminino,Isabella Montanholi,234,3,isabella33@yahoo.com
1976,Trim 2,maio,3,Masculino,Wilson Miranda,111,1,wilson57@msn.com
1976,Trim 2,junho,9,Masculino,João Castilho,272,3,joão19@live.com
1976,Trim 2,junho,10,Feminino,Bruna Silva,770,1,bruna40@gmail.com.br
1976,Trim 2,junho,19,Masculino,Silvio Fahrnholz,4,3,silvio21@hotmail.com.br
1976,Trim 2,junho,20,Feminino,Priscila Suzano,472,0,priscila30@gmail.com
1976,Trim 3,julho,3,Feminino,Adrielle Vieira,75,0,adrielle50@msn.com
1976,Trim 3,agosto,24,Feminino,Patrícia Fernandes,199,1,patrícia69@icloud.com.br
1976,Trim 3,setembro,23,Masculino,João Júnior,355,1,joão13@hotmail.com
1976,Trim 3,setembro,28,Feminino,Vivianne Rodrigues,660,0,vivianne38@icloud.com
1976,Trim 4,outubro,22,Masculino,Marcelo Pereira,260,0,marcelo22@hotmail.com
1976,Trim 4,outubro,25,Masculino,Breno Quinto,242,0,breno22@msn.com
1976,Trim 4,outubro,30,Feminino,Bruna Soares,606,4,bruna18@icloud.com.br
1976,Trim 4,novembro,18,Masculino,Thales Fanara,450,0,thales51@terra.com
1976,Trim 4,novembro,20,Masculino,Daniel Cardoso,696,0,daniel64@icloud.com.br
1976,Trim 4,novembro,30,Feminino,Gabrielle Figueiredo,555,0,gabrielle62@icloud.com
1976,Trim 4,dezembro,17,Feminino,Gabriela Capitulo,750,0,gabriela51@terra.com.br
1977,Trim 1,fevereiro,14,Masculino,Ramon Araujo,223,0,ramon65@hotmail.com.br
1977,Trim 1,março,12,Masculino,Lucas Machado,446,1,lucas13@hotmail.com.br
1977,Trim 1,março,30,Feminino,Ana Miura,515,0,ana40@icloud.com.br
1977,Trim 2,abril,12,Masculino,Matheus Tostes,185,0,matheus29@icloud.com.br
1977,Trim 2,abril,29,Masculino,Lucas Lima,336,2,lucas62@yahoo.com.br
1977,Trim 2,maio,31,Masculino,Lucas Baptista,314,0,lucas44@hotmail.com.br
1977,Trim 2,junho,9,Masculino,Bernard Pedrosa,513,0,bernard19@yahoo.com.br
1977,Trim 3,julho,11,Feminino,Lívia Tanaka,306,0,lívia62@uol.com
1977,Trim 3,julho,27,Masculino,Antônio Soares,383,0,antônio36@terra.com
1977,Trim 3,agosto,2,Feminino,Andressa Rotsztejn,711,2,andressa17@gmail.com.br
1977,Trim 3,agosto,21,Masculino,João Ribeiro,579,1,joão40@uol.com
1977,Trim 4,outubro,17,Masculino,Audir Franco,388,0,audir20@msn.com
1977,Trim 4,novembro,13,Masculino,Lucas Almeida,140,3,lucas50@live.com
1977,Trim 4,novembro,22,Masculino,Platini Heimlich,278,0,platini21@icloud.com.br
1977,Trim 4,dezembro,13,Masculino,João Peçanha,637,0,joão70@outlook.com
1977,Trim 4,dezembro,27,Masculino,Bruno Freitas,61,0,bruno14@msn.com.br
1978,Trim 1,janeiro,3,Masculino,Matheus Figueiredo,683,2,matheus49@msn.com
1978,Trim 1,janeiro,21,Feminino,Isabella Rodrigues,447,1,isabella23@hotmail.com
1978,Trim 1,fevereiro,7,Masculino,Lucas Araújo,342,0,lucas38@outlook.com
1978,Trim 1,fevereiro,27,Feminino,Letícia Araujo,193,1,letícia14@terra.com.br
1978,Trim 1,março,14,Masculino,Raphael Kurtz,41,0,raphael54@icloud.com
1978,Trim 2,abril,2,Feminino,Ana Gonzaga,697,0,ana69@terra.com.br
1978,Trim 2,maio,2,Masculino,Victor Corrêa,821,0,victor38@uol.com
1978,Trim 2,maio,4,Masculino,Vitor Boccaletti,748,2,vitor61@msn.com.br
1978,Trim 2,junho,6,Feminino,Lais Candido,235,4,lais47@hotmail.com
1978,Trim 3,julho,18,Feminino,Michelle Figueiredo,470,2,michelle33@live.com.br
1978,Trim 3,agosto,7,Masculino,Filipe Barros,149,2,filipe16@outlook.com.br
1978,Trim 3,agosto,25,Masculino,Thiago Miura,51,3,thiago56@msn.com
1978,Trim 3,agosto,31,Masculino,David Vasconcelos,740,0,david21@outlook.com.br
1978,Trim 3,setembro,1,Masculino,Sylvio Bernhardt,176,1,sylvio8@live.com.br
1978,Trim 3,setembro,19,Feminino,Maria Mendes,713,4,maria63@terra.com
1978,Trim 4,outubro,21,Masculino,Pedro Ribeiro,673,1,pedro62@outlook.com.br
1978,Trim 4,outubro,26,Masculino,Victor Gomes,572,0,victor24@live.com
1978,Trim 4,novembro,7,Feminino,Deysiane Medronho,321,1,deysiane41@terra.com
1978,Trim 4,novembro,22,Feminino,Mariana Freire,749,1,mariana70@msn.com
1979,Trim 1,janeiro,17,Masculino,Breno Farias,563,0,breno50@terra.com.br
1979,Trim 1,fevereiro,1,Masculino,Leonardo Ferreira,8,4,leonardo63@yahoo.com.br
1979,Trim 2,maio,17,Masculino,Gustavo Guimarães,808,0,gustavo46@msn.com.br
1979,Trim 2,maio,21,Feminino,Isabella Santos,227,1,isabella20@yahoo.com.br
1979,Trim 2,junho,26,Masculino,Pedro Costa,59,3,pedro42@yahoo.com.br
1979,Trim 3,julho,12,Masculino,Rodrigo Souza,529,0,rodrigo3@yahoo.com.br
1979,Trim 3,julho,29,Feminino,Melissa Nucci,453,3,melissa15@hotmail.com.br
1979,Trim 3,setembro,17,Masculino,Jeferson Sone,207,1,jeferson30@live.com.br
1979,Trim 4,outubro,2,Masculino,Gustavo Aragão,785,0,gustavo46@uol.com.br
1979,Trim 4,novembro,15,Masculino,Lucas Monte,584,1,lucas5@outlook.com
1980,Trim 1,fevereiro,22,Feminino,Gabriela Fernandes,211,1,gabriela66@live.com
1980,Trim 2,abril,3,Feminino,Raissa Sales,247,0,raissa25@yahoo.com
1980,Trim 2,abril,21,Masculino,Eduardo Ferreira,718,2,eduardo18@hotmail.com
1980,Trim 2,junho,5,Masculino,Adriano Silva,324,0,adriano65@yahoo.com.br
1980,Trim 2,junho,29,Feminino,Letícia Leal,617,1,letícia48@terra.com.br
1980,Trim 3,julho,15,Feminino,Carolina Rachide,298,2,carolina13@msn.com.br
1980,Trim 3,agosto,25,Masculino,Raul Junqueira,548,2,raul69@gmail.com.br
1980,Trim 3,agosto,26,Feminino,Helena Chafin,208,2,helena26@msn.com.br
1980,Trim 3,agosto,28,Masculino,Pedro Martins,533,0,pedro56@live.com.br
1980,Trim 3,agosto,31,Feminino,Aline Morais,63,0,aline9@gmail.com.br
1980,Trim 4,outubro,9,Feminino,Beatriz Silva,52,2,beatriz65@icloud.com
1980,Trim 4,outubro,16,Masculino,Yasser Calbucci,58,2,yasser55@hotmail.com
1980,Trim 4,outubro,18,Masculino,Alvaro Kranz,139,4,alvaro48@icloud.com.br
1980,Trim 4,outubro,20,Masculino,Vitor Campos,666,2,vitor8@live.com
1980,Trim 4,outubro,25,Feminino,Marianna Pestana,192,3,marianna50@outlook.com.br
1981,Trim 1,março,10,Masculino,Victor Ferreira,19,3,victor4@msn.com.br
1981,Trim 1,março,14,Feminino,Bruna Franco,281,3,bruna21@terra.com.br
1981,Trim 2,abril,4,Masculino,João Bach,496,3,joão29@live.com.br
1981,Trim 2,abril,22,Masculino,Marcelo Borges,456,0,marcelo53@terra.com.br
1981,Trim 2,abril,27,Feminino,Ingra Carneiro,779,0,ingra57@icloud.com.br
1981,Trim 2,maio,20,Feminino,Luana Santos,647,0,luana11@icloud.com.br
1981,Trim 2,maio,28,Feminino,Gabriella Lopes,222,1,gabriella45@yahoo.com
1981,Trim 2,maio,29,Masculino,Miguel Carneiro,114,0,miguel30@msn.com.br
1981,Trim 2,junho,23,Masculino,Arthur Souza,246,0,arthur42@uol.com
1981,Trim 2,junho,25,Feminino,Carolina Siqueira,488,1,carolina22@icloud.com.br
1981,Trim 3,julho,12,Masculino,Guilherme Santos,77,0,guilherme57@uol.com.br
1981,Trim 3,julho,16,Feminino,Débora Lopes,769,2,débora9@uol.com.br
1981,Trim 3,agosto,11,Masculino,Eduardo Vargas,411,1,eduardo56@uol.com
1981,Trim 3,setembro,13,Masculino,Luiz Limp,358,1,luiz43@icloud.com.br
1981,Trim 3,setembro,27,Feminino,Beatriz Rodrigues,337,1,beatriz7@hotmail.com.br
1981,Trim 4,novembro,7,Feminino,Victoria Tavares,530,0,victoria48@terra.com.br
1981,Trim 4,novembro,26,Feminino,Carolina Costa,532,1,carolina41@hotmail.com
1981,Trim 4,dezembro,9,Masculino,Pedro Sena,285,3,pedro58@live.com.br
1981,Trim 4,dezembro,17,Feminino,Roberta Nogueira,124,0,roberta51@gmail.com
1982,Trim 1,janeiro,27,Feminino,Mônica Rotolo,672,0,mônica45@icloud.com
1982,Trim 1,março,29,Feminino,Rachel Restum,86,2,rachel61@uol.com
1982,Trim 2,abril,4,Masculino,Isaac Santos,733,0,isaac24@uol.com.br
1982,Trim 2,abril,15,Feminino,Raíssa Nimer,360,3,raíssa37@terra.com.br
1982,Trim 2,abril,21,Masculino,João Tabet,330,1,joão28@icloud.com
1982,Trim 2,maio,6,Masculino,Matheus Delgado,774,0,matheus8@live.com.br
1982,Trim 2,maio,15,Masculino,Thiago Veloso,175,1,thiago7@outlook.com.br
1982,Trim 2,junho,19,Feminino,Milena Almeida,394,0,milena32@outlook.com
1982,Trim 2,junho,20,Masculino,Gabriel Assis,728,0,gabriel67@outlook.com
1982,Trim 3,julho,3,Feminino,Gabrielle Vasconcelos,103,1,gabrielle39@gmail.com
1982,Trim 3,julho,16,Masculino,Antonio Manhães,2,3,antonio19@hotmail.com.br
1982,Trim 3,agosto,4,Feminino,Ylana Teraoka,95,5,ylana65@outlook.com.br
1982,Trim 3,agosto,18,Feminino,Tainah Nogueira,780,0,tainah32@uol.com.br
1982,Trim 3,agosto,28,Feminino,Kimberly Sad,542,0,kimberly52@yahoo.com
1982,Trim 3,agosto,30,Feminino,Raíza Lopes,33,1,raíza55@yahoo.com
1982,Trim 4,outubro,29,Masculino,Pedro Bitencourt,596,1,pedro62@gmail.com.br
1983,Trim 1,fevereiro,20,Masculino,Tadeu Sousa,534,2,tadeu39@terra.com.br
1983,Trim 2,abril,28,Masculino,Brenno Miranda,789,0,brenno64@icloud.com.br
1983,Trim 2,abril,30,Masculino,João Junior,257,3,joão22@msn.com.br
1983,Trim 2,maio,23,Masculino,Bernardo Botelho,18,1,bernardo50@outlook.com
1983,Trim 2,junho,7,Masculino,Victor Firmino,120,3,victor20@msn.com
1983,Trim 2,junho,19,Masculino,Carlos Barbosa,569,3,carlos45@yahoo.com.br
1983,Trim 3,julho,8,Masculino,Wilson Farias,640,3,wilson49@outlook.com
1983,Trim 3,julho,20,Masculino,Gabriel Pereira,700,1,gabriel28@hotmail.com
1983,Trim 3,agosto,25,Feminino,Carolina Vasconcelos,762,0,carolina37@yahoo.com
1983,Trim 3,agosto,26,Feminino,Anna Silva,601,0,anna9@msn.com
1983,Trim 3,setembro,15,Masculino,Pedro Ronfini,202,2,pedro57@live.com
1983,Trim 4,outubro,21,Feminino,Bianca Allevato,492,0,bianca53@icloud.com.br
1983,Trim 4,novembro,30,Masculino,Bernardo Souza,768,0,bernardo46@msn.com.br
1983,Trim 4,dezembro,4,Feminino,Ravena Bhering,573,1,ravena14@outlook.com.br
1983,Trim 4,dezembro,5,Feminino,Marina Correa,719,0,marina59@hotmail.com.br
1984,Trim 1,janeiro,8,Feminino,Priscila Carvalho,480,0,priscila38@gmail.com.br
1984,Trim 1,janeiro,29,Masculino,João Monteiro,366,2,joão63@live.com.br
1984,Trim 1,fevereiro,27,Masculino,Gabriel Azevedo,648,0,gabriel65@uol.com
1984,Trim 1,fevereiro,28,Feminino,Ives Barbosa,720,0,ives39@hotmail.com.br
1984,Trim 1,março,4,Feminino,Dandara Reis,605,2,dandara36@icloud.com.br
1984,Trim 1,março,29,Feminino,Morgana Correa,150,0,morgana52@uol.com.br
1984,Trim 2,abril,18,Masculino,Gabriel Thome,203,0,gabriel66@hotmail.com.br
1984,Trim 2,maio,1,Masculino,João Abraçado,725,0,joão67@hotmail.com
1984,Trim 2,maio,21,Masculino,Arthur Pereira,588,0,arthur13@gmail.com.br
1984,Trim 2,maio,29,Masculino,Tadeu Nakayama,556,0,tadeu10@yahoo.com
1984,Trim 2,junho,4,Feminino,Mariane Racy,218,2,mariane17@uol.com.br
1984,Trim 2,junho,10,Masculino,Lucas Wanderley,316,0,lucas35@hotmail.com
1984,Trim 2,junho,23,Feminino,Beatriz Nogueira,776,0,beatriz39@yahoo.com
1984,Trim 2,junho,30,Masculino,Thales Gouvêa,731,1,thales48@msn.com.br
1984,Trim 3,julho,30,Feminino,Amanda Roberto,439,3,amanda53@icloud.com
1984,Trim 3,agosto,25,Masculino,Luiz Xavier,797,0,luiz59@uol.com
1984,Trim 3,setembro,8,Feminino,Caroline Aquino,557,2,caroline13@live.com.br
1984,Trim 3,setembro,12,Masculino,Pedro Rodrigues,403,0,pedro43@terra.com.br
1984,Trim 4,outubro,4,Masculino,Breno Varella,414,3,breno9@icloud.com.br
1984,Trim 4,novembro,20,Masculino,Daniel Valente,294,2,daniel34@hotmail.com.br
1984,Trim 4,novembro,21,Masculino,Igor Lima,631,1,igor44@msn.com
1984,Trim 4,novembro,28,Feminino,Luis Villanova,657,1,luis45@msn.com
1984,Trim 4,dezembro,25,Feminino,Rebeca Taylor,173,2,rebeca16@hotmail.com
1984,Trim 4,dezembro,30,Masculino,Caio Ferreira,55,0,caio55@icloud.com
1985,Trim 1,janeiro,4,Feminino,Fernanda Bhering,390,0,fernanda56@icloud.com.br
1985,Trim 1,janeiro,28,Feminino,Rachel Silva,327,0,rachel30@yahoo.com.br
1985,Trim 1,janeiro,29,Feminino,Samara Pinto,429,2,samara66@hotmail.com
1985,Trim 1,fevereiro,2,Feminino,Carolina Silva,512,2,carolina3@hotmail.com
1985,Trim 1,fevereiro,23,Masculino,Hiaiune Valim,639,0,hiaiune55@icloud.com
1985,Trim 1,fevereiro,24,Masculino,Luísa Fonseca,430,0,luísa38@outlook.com
1985,Trim 1,março,19,Feminino,Juliana Silva,90,2,juliana43@icloud.com
1985,Trim 1,março,30,Masculino,Jeferson Costa,593,4,jeferson37@msn.com
1985,Trim 2,abril,18,Masculino,Bernardo Soares,554,2,bernardo69@uol.com
1985,Trim 2,abril,21,Masculino,Pedro Dalforne,659,1,pedro18@outlook.com
1985,Trim 2,abril,28,Masculino,Luiz Mendonça,499,3,luiz36@yahoo.com.br
1985,Trim 2,maio,21,Masculino,José Carvalho,494,0,josé42@gmail.com
1985,Trim 2,maio,22,Masculino,Maike Pereira,816,0,maike18@msn.com
1985,Trim 2,junho,30,Masculino,Raphael Mattos,766,0,raphael60@uol.com
1985,Trim 3,julho,10,Feminino,Caroline Delgado,786,1,caroline38@yahoo.com
1985,Trim 3,julho,16,Masculino,Rodrigo Alves,517,2,rodrigo69@icloud.com.br
1985,Trim 3,julho,27,Feminino,Bianca Tatsch,318,0,bianca47@terra.com
1985,Trim 3,agosto,6,Feminino,Gabrielle Porto,206,4,gabrielle39@uol.com.br
1985,Trim 3,agosto,10,Feminino,Raissa Negrelli,11,2,raissa28@yahoo.com.br
1985,Trim 3,agosto,19,Feminino,Hanna Fonseca,524,4,hanna54@icloud.com.br
1985,Trim 3,setembro,4,Feminino,Bruna Chein,386,0,bruna18@outlook.com.br
1985,Trim 3,setembro,15,Feminino,Luis Oliveira,370,0,luis12@terra.com.br
1985,Trim 3,setembro,29,Masculino,Rafael Ramos,135,0,rafael47@icloud.com.br
1985,Trim 4,outubro,1,Masculino,Leandro Rodrigues,295,0,leandro34@live.com
1985,Trim 4,novembro,4,Feminino,Beatriz Rocha,157,2,beatriz7@outlook.com.br
1985,Trim 4,novembro,15,Feminino,Julia Aliani,269,3,julia46@icloud.com
1985,Trim 4,novembro,15,Feminino,Marina Mesquita,389,0,marina63@uol.com
1985,Trim 4,novembro,29,Masculino,Anderson Barreto,464,1,anderson60@outlook.com
1985,Trim 4,dezembro,12,Feminino,Larissa Vasconcellos,159,0,larissa51@outlook.com
1986,Trim 1,janeiro,12,Masculino,Anderson Cavalcanti,664,1,anderson70@msn.com
1986,Trim 1,janeiro,12,Masculino,Vinícius Antunes,656,2,vinícius66@icloud.com
1986,Trim 1,janeiro,19,Masculino,Juan Fernandes,231,2,juan63@live.com.br
1986,Trim 1,fevereiro,10,Masculino,Caio Cardoso,693,3,caio6@icloud.com.br
1986,Trim 1,março,5,Feminino,Raíssa Oros,435,4,raíssa14@gmail.com.br
1986,Trim 1,março,26,Masculino,Renan Nucci,347,0,renan15@gmail.com.br
1986,Trim 2,junho,2,Feminino,Camila Bastazini,263,0,camila63@icloud.com
1986,Trim 2,junho,6,Masculino,Lucas Rodrigues,332,3,lucas68@gmail.com
1986,Trim 2,junho,11,Masculino,Bruno Junger,810,5,bruno50@uol.com
1986,Trim 3,setembro,15,Feminino,Bianca Ferezin,443,0,bianca33@yahoo.com
1986,Trim 3,setembro,28,Feminino,Jessica Cordovil,245,3,jessica13@hotmail.com.br
1986,Trim 4,novembro,12,Masculino,Lucas Chagas,108,0,lucas9@outlook.com
1986,Trim 4,novembro,13,Masculino,Carlos Souza,236,1,carlos37@icloud.com.br
1986,Trim 4,novembro,20,Masculino,Bruno Ursulino,307,3,bruno38@hotmail.com
1986,Trim 4,dezembro,4,Masculino,Guilherme Marchesi,145,0,guilherme7@icloud.com.br
1986,Trim 4,dezembro,18,Masculino,Thiago Veiga,590,0,thiago70@live.com.br
1987,Trim 1,janeiro,20,Feminino,Fernanda Silva,268,0,fernanda27@terra.com
1987,Trim 1,janeiro,22,Feminino,Clara Silveira,651,0,clara34@uol.com
1987,Trim 1,janeiro,23,Feminino,Carolina Abrahão,256,0,carolina62@uol.com
1987,Trim 1,janeiro,30,Feminino,Beatriz Almeida,151,0,beatriz51@yahoo.com
1987,Trim 2,abril,16,Masculino,João Costa,560,2,joão28@outlook.com
1987,Trim 2,junho,12,Feminino,Rojane Lima,180,0,rojane64@terra.com
1987,Trim 3,julho,5,Feminino,Beatriz Cavalcanti,350,0,beatriz67@yahoo.com.br
1987,Trim 3,agosto,3,Masculino,Jackson Derossi,575,3,jackson38@live.com
1987,Trim 3,agosto,18,Feminino,Livia Corrêa,64,2,livia62@live.com.br
1987,Trim 3,setembro,12,Masculino,Lucas Destri,787,0,lucas68@hotmail.com
1987,Trim 4,outubro,26,Masculino,Audir Ladogano,662,0,audir28@hotmail.com
1987,Trim 4,novembro,13,Feminino,Luíza Garcia,599,0,luíza46@gmail.com.br
1987,Trim 4,novembro,28,Masculino,Carlos Mesquita,357,1,carlos70@live.com.br
1988,Trim 1,janeiro,25,Masculino,Daniel Felippe,343,0,daniel67@outlook.com
1988,Trim 1,fevereiro,1,Masculino,Pedro Pereira,562,0,pedro16@terra.com
1988,Trim 1,fevereiro,6,Masculino,Victor Lira,187,0,victor8@uol.com
1988,Trim 1,fevereiro,7,Masculino,Leandro Ferreira,274,0,leandro26@gmail.com
1988,Trim 1,fevereiro,23,Masculino,Bruno Souza,506,0,bruno57@outlook.com
1988,Trim 1,março,4,Masculino,Dykson Silva,710,0,dykson39@yahoo.com
1988,Trim 2,abril,8,Masculino,Lucas Fontoura,315,2,lucas59@hotmail.com.br
1988,Trim 2,abril,19,Masculino,Gustavo Thome,428,4,gustavo66@outlook.com.br
1988,Trim 2,maio,7,Feminino,Raissa Maia,168,0,raissa67@hotmail.com
1988,Trim 2,junho,22,Masculino,Diego Mello,669,0,diego66@icloud.com.br
1988,Trim 3,julho,13,Feminino,Thayane Resende,802,1,thayane57@gmail.com.br
1988,Trim 4,novembro,16,Feminino,Caroline Cavalcanti,467,0,caroline41@outlook.com
1988,Trim 4,novembro,18,Masculino,Gustavo Gomes,457,0,gustavo23@live.com
1988,Trim 4,dezembro,5,Feminino,Adriane Chagas,607,0,adriane18@terra.com.br
1988,Trim 4,dezembro,5,Masculino,Bruno Mota,292,4,bruno62@yahoo.com
1989,Trim 1,janeiro,28,Masculino,Marcelo Guadagnino,612,0,marcelo37@outlook.com
1989,Trim 1,fevereiro,23,Masculino,Eric Júnior,425,0,eric24@msn.com.br
1989,Trim 1,fevereiro,27,Masculino,Bruno Barcessat,88,0,bruno35@live.com
1989,Trim 1,março,28,Masculino,Silvio Provenzano,804,0,silvio42@hotmail.com
1989,Trim 2,abril,16,Masculino,Renan Nascimento,476,0,renan63@outlook.com.br
1989,Trim 2,maio,4,Masculino,Rilson Guedes,781,0,rilson9@yahoo.com.br
1989,Trim 2,maio,14,Masculino,Guilherme Jordao,296,2,guilherme11@hotmail.com.br
1989,Trim 2,maio,16,Feminino,Chan Santos,9,0,chan17@uol.com
1989,Trim 2,maio,26,Masculino,Diego Barros,580,0,diego14@hotmail.com
1989,Trim 2,maio,27,Feminino,Anna Figueiredo,319,0,anna58@gmail.com.br
1989,Trim 2,maio,31,Masculino,José Marques,793,2,josé63@live.com.br
1989,Trim 2,junho,11,Feminino,Carolina Carneiro,300,3,carolina47@yahoo.com
1989,Trim 2,junho,17,Masculino,Lucas Freitas,177,0,lucas38@hotmail.com
1989,Trim 3,julho,8,Feminino,Jessica Silva,813,0,jessica7@outlook.com.br
1989,Trim 3,julho,16,Masculino,Felipe Freitas,190,3,felipe9@icloud.com.br
1989,Trim 3,julho,31,Masculino,Renan Melo,186,3,renan46@live.com
1989,Trim 3,setembro,24,Feminino,Beatriz Li,351,1,beatriz45@hotmail.com
1989,Trim 4,outubro,25,Feminino,Isabel Mesquita,587,0,isabel53@msn.com.br
1989,Trim 4,outubro,28,Feminino,Izabel Fraga,778,0,izabel21@msn.com.br
1989,Trim 4,novembro,23,Masculino,Guilherme Monteiro,241,3,guilherme41@icloud.com.br
1989,Trim 4,novembro,29,Feminino,Gabrielle Costa,70,0,gabrielle4@yahoo.com
1989,Trim 4,dezembro,13,Feminino,Ives Pinheiro,738,0,ives43@yahoo.com
1989,Trim 4,dezembro,26,Masculino,Guilherme Assis,148,3,guilherme61@uol.com.br
1990,Trim 1,fevereiro,9,Masculino,Matheus Santos,367,0,matheus50@live.com.br
1990,Trim 1,fevereiro,12,Masculino,Erick Soares,689,0,erick68@gmail.com
1990,Trim 1,fevereiro,23,Masculino,Alberto Silveira,204,1,alberto58@icloud.com
1990,Trim 1,março,8,Masculino,Andre Nóbrega,620,0,andre12@gmail.com.br
1990,Trim 1,março,13,Masculino,Daniel Nauenberg,715,3,daniel54@gmail.com
1990,Trim 2,junho,1,Feminino,Julia Leite,759,0,julia63@gmail.com
1990,Trim 2,junho,4,Feminino,Larissa Cruz,652,0,larissa47@gmail.com.br
1990,Trim 2,junho,11,Feminino,Gabriella Sagrillo,771,0,gabriella64@live.com
1990,Trim 2,junho,19,Masculino,João Araujo,160,0,joão35@gmail.com
1990,Trim 3,julho,3,Feminino,Patrícia Amaral,498,3,patrícia59@uol.com
1990,Trim 3,julho,24,Feminino,Letícia Rodrigues,109,0,letícia42@terra.com
1990,Trim 3,julho,26,Feminino,Livia Codeceira,735,5,livia66@msn.com
1990,Trim 3,agosto,14,Feminino,Isabel Lacerda,628,3,isabel61@gmail.com.br
1990,Trim 3,agosto,19,Feminino,Juliana Silva,131,0,juliana5@live.com
1990,Trim 3,setembro,20,Feminino,Bruna Ramos,26,0,bruna23@icloud.com
1990,Trim 4,outubro,2,Masculino,Pedro Xavier,291,3,pedro11@gmail.com.br
1990,Trim 4,outubro,31,Masculino,Anízio Carvalho,485,0,anízio64@hotmail.com
1990,Trim 4,dezembro,23,Masculino,Guilherme Vianna,520,1,guilherme12@gmail.com
1990,Trim 4,dezembro,23,Masculino,Renan Cunha,566,1,renan51@hotmail.com
1991,Trim 1,janeiro,9,Feminino,Livia Pereira,726,1,livia13@msn.com
1991,Trim 1,janeiro,14,Masculino,Pedro Macckione,30,2,pedro10@terra.com
1991,Trim 1,janeiro,23,Masculino,João Oliveira,525,0,joão44@live.com
1991,Trim 1,fevereiro,20,Feminino,Rafaela Gomes,81,0,rafaela37@hotmail.com
1991,Trim 1,fevereiro,25,Feminino,Sandy Figueiredo,479,1,sandy44@msn.com
1991,Trim 1,março,28,Feminino,Isabelle Ribeiro,707,3,isabelle33@live.com.br
1991,Trim 2,abril,14,Masculino,Sthefeson Kohn,502,2,sthefeson66@yahoo.com
1991,Trim 2,abril,30,Feminino,Caroll Johnson,623,4,caroll53@uol.com.br
1991,Trim 2,junho,6,Masculino,Lucas Junior,633,0,lucas21@live.com
1991,Trim 2,junho,6,Masculino,Victor Franco,603,3,victor28@hotmail.com
1991,Trim 2,junho,16,Feminino,Carla Zakhm,171,4,carla70@outlook.com
1991,Trim 2,junho,30,Masculino,Nathan Cunha,670,0,nathan53@hotmail.com.br
1991,Trim 3,julho,2,Masculino,Victor Soares,754,1,victor8@terra.com
1991,Trim 3,agosto,19,Masculino,Gabriel Thoni,341,4,gabriel33@msn.com.br
1991,Trim 3,agosto,28,Masculino,Carlos Azevedo,812,0,carlos42@gmail.com
1991,Trim 3,setembro,14,Feminino,Mariana Baptista,22,1,mariana32@live.com
1991,Trim 3,setembro,21,Masculino,Luiz Conceição,105,2,luiz35@outlook.com
1991,Trim 3,setembro,23,Masculino,Lucas Cavalcanti,691,2,lucas47@msn.com
1991,Trim 4,outubro,3,Feminino,Carolina Rocha,345,5,carolina48@icloud.com
1991,Trim 4,outubro,24,Feminino,Maria Correa,717,1,maria5@yahoo.com
1991,Trim 4,outubro,26,Feminino,Ana Michetti,511,0,ana57@icloud.com
1991,Trim 4,dezembro,14,Masculino,Danilo Alves,240,0,danilo55@outlook.com
1991,Trim 4,dezembro,15,Masculino,Allan Guedes,790,3,allan47@uol.com
1991,Trim 4,dezembro,15,Masculino,Lucas Aragão,767,0,lucas70@terra.com
1991,Trim 4,dezembro,20,Feminino,Ananda Dias,638,2,ananda67@icloud.com.br
1992,Trim 1,fevereiro,6,Feminino,Amanda Procaci,399,0,amanda41@live.com
1992,Trim 1,fevereiro,13,Masculino,João Fonseca,348,3,joão46@uol.com
1992,Trim 2,maio,2,Feminino,Rafaela Rodrigues,426,0,rafaela4@msn.com
1992,Trim 2,maio,24,Masculino,Alon Palmeira,729,2,alon30@icloud.com.br
1992,Trim 2,junho,1,Feminino,Julie Ferreira,465,1,julie68@uol.com
1992,Trim 2,junho,25,Masculino,Matheus Silva,698,0,matheus56@terra.com.br
1992,Trim 3,julho,4,Masculino,Rubens Netto,162,3,rubens53@hotmail.com
1992,Trim 3,agosto,5,Feminino,Bianca Piero,125,1,bianca22@hotmail.com
1992,Trim 3,setembro,11,Masculino,Eduardo Pacheco,536,2,eduardo69@hotmail.com.br
1992,Trim 3,setembro,17,Feminino,Jéssica Teixeira,608,0,jéssica39@live.com.br
1992,Trim 3,setembro,21,Masculino,Douglas Rodrigues,602,0,douglas42@outlook.com
1992,Trim 3,setembro,22,Feminino,Alessandra Martins,273,0,alessandra46@live.com.br
1992,Trim 3,setembro,24,Masculino,Renan Ventura,761,0,renan9@outlook.com
1993,Trim 1,fevereiro,26,Masculino,Caio Vianna,27,0,caio11@uol.com
1993,Trim 1,março,13,Feminino,Adriana Carneiro,559,0,adriana55@hotmail.com.br
1993,Trim 1,março,23,Masculino,Eduardo Peluzo,594,0,eduardo64@hotmail.com.br
1993,Trim 1,março,31,Masculino,Carlos Galvão,547,2,carlos56@icloud.com.br
1993,Trim 2,abril,13,Masculino,Caio Caldas,15,0,caio60@gmail.com.br
1993,Trim 2,abril,22,Feminino,Bruna Brandao,363,0,bruna24@outlook.com
1993,Trim 2,maio,2,Feminino,Daniela Braga,695,2,daniela58@yahoo.com
1993,Trim 2,junho,2,Feminino,Luiza Procaci,798,2,luiza50@yahoo.com
1993,Trim 2,junho,14,Feminino,Priscila Garcia,413,3,priscila9@hotmail.com
1993,Trim 2,junho,23,Masculino,Rafael Wajnsztok,154,0,rafael60@hotmail.com.br
1993,Trim 2,junho,24,Feminino,Amanda Gontijo,493,0,amanda54@hotmail.com
1993,Trim 3,agosto,17,Feminino,Myllena Corrêa,805,0,myllena7@yahoo.com
1993,Trim 3,setembro,6,Feminino,Ana Felippe,333,0,ana23@terra.com
1993,Trim 4,novembro,1,Masculino,Bernardo Nauenberg,28,0,bernardo69@msn.com
1993,Trim 4,novembro,6,Masculino,Pedro Oliveira,441,0,pedro7@terra.com.br
1993,Trim 4,novembro,16,Masculino,Caio Fernandes,589,0,caio32@msn.com
1994,Trim 1,fevereiro,5,Masculino,Pedro Oliveira,591,0,pedro56@msn.com
1994,Trim 1,fevereiro,20,Masculino,Luiz Freire,146,0,luiz17@live.com
1994,Trim 1,março,16,Feminino,Marina Perdomo,737,5,marina30@outlook.com.br
1994,Trim 1,março,28,Feminino,Vanessa Neves,254,3,vanessa45@yahoo.com
1994,Trim 2,abril,9,Feminino,Livia Cozendey,200,4,livia3@msn.com
1994,Trim 2,abril,10,Feminino,Luiza Cabral,5,1,luiza70@msn.com
1994,Trim 2,maio,4,Feminino,Amanda Felippe,100,0,amanda24@terra.com.br
1994,Trim 2,maio,19,Feminino,Isabela Rodrigues,385,0,isabela23@hotmail.com.br
1994,Trim 2,maio,23,Feminino,Rafaella Mello,427,5,rafaella16@live.com
1994,Trim 2,maio,26,Feminino,Stephanie Oliveira,473,1,stephanie30@yahoo.com.br
1994,Trim 3,julho,12,Feminino,Amanda Delgado,312,1,amanda23@hotmail.com.br
1994,Trim 3,julho,31,Feminino,Bruna Rangel,702,0,bruna34@live.com
1994,Trim 3,agosto,3,Masculino,Jônatas Tanaka,349,0,jônatas22@outlook.com.br
1994,Trim 3,setembro,5,Feminino,Isabela Teixeira,694,1,isabela33@icloud.com
1994,Trim 3,setembro,7,Feminino,Marcela Medeiros,196,1,marcela28@hotmail.com
1994,Trim 4,outubro,4,Masculino,Pedro Jorge,48,0,pedro48@yahoo.com
1994,Trim 4,outubro,18,Masculino,Lucas Villanova,130,1,lucas18@live.com.br
1994,Trim 4,novembro,7,Feminino,Raísa Berto,540,0,raísa35@live.com.br
1994,Trim 4,novembro,12,Masculino,Bárbara Cavalcante,422,0,bárbara61@yahoo.com.br
1994,Trim 4,novembro,17,Feminino,Vanessa Rodrigues,69,4,vanessa54@icloud.com.br
1994,Trim 4,novembro,29,Feminino,Paola Abreu,712,1,paola32@icloud.com.br
1994,Trim 4,dezembro,7,Feminino,Isabel Leite,610,0,isabel45@terra.com
1994,Trim 4,dezembro,26,Feminino,Raíssa Oliveira,310,1,raíssa28@live.com
1995,Trim 1,fevereiro,23,Feminino,Luiza Ribeiro,253,1,luiza25@outlook.com
1995,Trim 1,março,6,Feminino,Karoline Miranda,667,0,karoline18@terra.com
1995,Trim 1,março,13,Masculino,Caio Silva,115,4,caio55@gmail.com.br
1995,Trim 2,abril,3,Feminino,Julia Leig,297,1,julia54@live.com.br
1995,Trim 2,abril,20,Masculino,Rodrigo Silva,116,4,rodrigo23@hotmail.com
1995,Trim 2,maio,17,Masculino,Vitor Arruda,276,5,vitor35@live.com.br
1995,Trim 2,maio,19,Masculino,Daniel Araujo,406,3,daniel66@outlook.com
1995,Trim 2,junho,1,Masculino,Arthur Fernandes,344,1,arthur67@gmail.com.br
1995,Trim 2,junho,18,Feminino,Tayla Lima,50,2,tayla19@yahoo.com
1995,Trim 3,julho,21,Masculino,Felipe Cavalcanti,179,0,felipe64@live.com.br
1995,Trim 3,agosto,3,Feminino,Amanda Amaral,143,1,amanda66@icloud.com.br
1995,Trim 3,setembro,13,Feminino,Lunna Vannier,138,3,lunna67@yahoo.com
1995,Trim 3,setembro,13,Masculino,Eduardo Lopes,658,3,eduardo30@terra.com
1995,Trim 3,setembro,29,Masculino,Eduardo Nunes,364,3,eduardo3@terra.com
1995,Trim 4,outubro,19,Feminino,Luiza Marques,454,4,luiza48@outlook.com
1995,Trim 4,dezembro,4,Masculino,Gustavo Azevedo,794,0,gustavo10@hotmail.com.br
1996,Trim 1,janeiro,1,Feminino,Adriana Passos,635,0,adriana46@gmail.com
1996,Trim 1,janeiro,19,Masculino,David Assumpção,444,3,david25@yahoo.com
1996,Trim 1,janeiro,29,Masculino,Eduardo Veiga,377,2,eduardo63@terra.com
1996,Trim 1,fevereiro,25,Feminino,Julia Figueiredo,212,4,julia3@icloud.com.br
1996,Trim 2,abril,19,Feminino,Ana Campos,280,1,ana12@hotmail.com.br
1996,Trim 2,junho,6,Feminino,Wendela Veloso,732,0,wendela56@yahoo.com
1996,Trim 3,julho,4,Masculino,Hygor Essaber,249,0,hygor59@outlook.com.br
1996,Trim 3,agosto,4,Masculino,David Campelo,128,1,david12@outlook.com
1996,Trim 4,outubro,1,Masculino,João Matheus,632,0,joão29@outlook.com
1996,Trim 4,outubro,28,Feminino,Larissa Jesus,184,0,larissa38@yahoo.com.br
1996,Trim 4,outubro,31,Feminino,Carolina Motta,407,4,carolina61@terra.com
1996,Trim 4,novembro,26,Feminino,Fernanda Ferreira,10,0,fernanda31@yahoo.com
1997,Trim 1,janeiro,10,Masculino,Paulo Campos,487,2,paulo14@outlook.com
1997,Trim 1,fevereiro,1,Feminino,Julia Silva,417,3,julia53@hotmail.com
1997,Trim 1,fevereiro,6,Masculino,Andre Sampaio,665,0,andre52@gmail.com.br
1997,Trim 1,março,1,Masculino,Thiago Lima,270,1,thiago25@msn.com.br
1997,Trim 1,março,21,Feminino,Luis Garcia,564,1,luis16@hotmail.com
1997,Trim 2,maio,13,Feminino,Rebeca Manhães,195,4,rebeca66@gmail.com.br
1997,Trim 2,junho,4,Feminino,Camila Sobral,708,4,camila69@icloud.com
1997,Trim 2,junho,27,Masculino,Gabriel Almeida,205,2,gabriel18@msn.com.br
1997,Trim 2,junho,28,Masculino,Joao Silva,744,1,joao48@outlook.com
1997,Trim 2,junho,29,Masculino,Arthur Portela,755,0,arthur44@msn.com.br
1997,Trim 3,julho,13,Masculino,Mateus Maia,703,2,mateus49@yahoo.com
1997,Trim 3,agosto,7,Feminino,Andressa Chou,67,0,andressa9@outlook.com
1997,Trim 3,agosto,9,Feminino,Fernanda Figueiredo,215,0,fernanda15@terra.com.br
1997,Trim 3,agosto,21,Feminino,Monique Vasconcelos,466,0,monique49@terra.com.br
1997,Trim 3,agosto,27,Feminino,Thaís Moura,641,0,thaís18@hotmail.com
1997,Trim 3,setembro,24,Masculino,Thales Santos,468,1,thales38@terra.com
1997,Trim 4,outubro,22,Masculino,William Mendonça,807,0,william27@msn.com
1997,Trim 4,outubro,24,Feminino,Natalia Accioly,258,0,natalia42@uol.com
1997,Trim 4,novembro,1,Feminino,Giovanna Santos,582,2,giovanna54@live.com.br
1997,Trim 4,novembro,30,Feminino,Bruna Gomes,741,3,bruna53@hotmail.com.br
1997,Trim 4,dezembro,14,Masculino,Guilherme Barbosa,262,3,guilherme63@live.com
1997,Trim 4,dezembro,17,Masculino,Júlio Freire,471,0,júlio69@outlook.com.br
1998,Trim 1,janeiro,22,Feminino,Giulia Pessanha,701,0,giulia40@hotmail.com
1998,Trim 1,janeiro,28,Masculino,Rafael Guimarães,489,2,rafael32@icloud.com
1998,Trim 1,março,5,Feminino,Yasmim Verly,618,0,yasmim60@outlook.com
1998,Trim 2,abril,11,Masculino,Roberto Tiradentes,714,0,roberto65@icloud.com
1998,Trim 2,abril,26,Masculino,Sthefeson Barroso,677,0,sthefeson42@msn.com.br
1998,Trim 2,junho,16,Feminino,Maria Assumpção,174,0,maria50@outlook.com.br
1998,Trim 2,junho,25,Feminino,Rafaela Ferreira,539,3,rafaela10@live.com.br
1998,Trim 3,julho,12,Masculino,Joao Pereira,197,5,joao6@gmail.com
1998,Trim 4,outubro,7,Feminino,Izabel Lopes,288,0,izabel62@yahoo.com
1998,Trim 4,outubro,14,Feminino,Joana Calmon,437,1,joana34@live.com.br
1998,Trim 4,novembro,24,Feminino,Nathalia Ventura,642,3,nathalia49@hotmail.com
1998,Trim 4,dezembro,14,Masculino,Diego Marchesi,84,0,diego15@hotmail.com.br
1999,Trim 1,janeiro,3,Masculino,Lucas Lemos,354,1,lucas48@terra.com
1999,Trim 1,janeiro,7,Feminino,Maria Motta,451,2,maria19@msn.com
1999,Trim 1,janeiro,20,Masculino,Leandro Melo,93,1,leandro9@hotmail.com.br
1999,Trim 1,janeiro,30,Masculino,Rogério Gentile,448,5,rogério33@live.com.br
1999,Trim 1,março,9,Masculino,Willian Albino,172,0,willian52@icloud.com
1999,Trim 1,março,24,Feminino,Glenda Santos,459,0,glenda9@live.com
1999,Trim 2,abril,28,Feminino,Daniela Pereira,679,0,daniela10@yahoo.com
1999,Trim 2,abril,28,Masculino,Rogério Pereira,238,0,rogério32@gmail.com
1999,Trim 2,maio,3,Feminino,Thayna Martins,47,2,thayna53@yahoo.com
1999,Trim 2,junho,11,Feminino,Luis Silva,299,5,luis3@yahoo.com.br
1999,Trim 3,julho,3,Masculino,Raphael Coelho,586,0,raphael55@yahoo.com.br
1999,Trim 3,agosto,18,Feminino,Gabrielle Viríssimo,164,0,gabrielle67@yahoo.com
1999,Trim 3,setembro,16,Masculino,Alon Pestana,722,0,alon41@icloud.com.br
1999,Trim 3,setembro,19,Masculino,Jorge Fonseca,228,2,jorge61@icloud.com.br
1999,Trim 4,outubro,8,Masculino,Marcos Nucci,66,4,marcos48@hotmail.com
1999,Trim 4,outubro,10,Feminino,Aline Mello,373,0,aline5@hotmail.com.br
1999,Trim 4,novembro,7,Feminino,Natali Rangel,806,0,natali63@terra.com
1999,Trim 4,dezembro,1,Masculino,Gabriel Puntel,391,0,gabriel56@hotmail.com
2000,Trim 1,janeiro,15,Feminino,Carolina Alfradique,409,1,carolina62@uol.com
2000,Trim 1,março,3,Masculino,Diego Almeida,727,0,diego31@terra.com.br
2000,Trim 1,março,18,Feminino,Roberta Teixeira,783,0,roberta28@msn.com
2000,Trim 1,março,23,Masculino,Ruan Lopes,21,0,ruan49@yahoo.com.br
2000,Trim 2,maio,6,Feminino,Stephanie Gonçalves,509,2,stephanie19@icloud.com
2000,Trim 2,maio,31,Masculino,Pedro Lyra,423,1,pedro48@hotmail.com.br
2000,Trim 2,junho,3,Masculino,Marcelo Rosa,372,0,marcelo11@outlook.com.br
2000,Trim 2,junho,17,Feminino,Jéssica Netto,210,3,jéssica9@gmail.com.br
2000,Trim 2,junho,27,Feminino,Manuela Merege,25,1,manuela43@uol.com.br
2000,Trim 2,junho,30,Masculino,Iuri Barbosa,267,0,iuri28@msn.com
2000,Trim 3,julho,3,Masculino,João Luz,792,4,joão28@outlook.com.br
2000,Trim 3,julho,17,Masculino,Lucas Lacerda,275,3,lucas11@icloud.com.br
2000,Trim 3,julho,27,Feminino,Luana Santana,170,0,luana34@icloud.com.br
2000,Trim 3,agosto,5,Feminino,Julia Teixeira,198,3,julia26@live.com.br
2000,Trim 3,agosto,24,Masculino,Rafael Rocha,320,0,rafael6@live.com.br
2000,Trim 4,outubro,2,Masculino,Daniel Sousa,811,5,daniel57@terra.com.br
2000,Trim 4,outubro,20,Masculino,Breno Godoy,469,0,breno20@terra.com
2000,Trim 4,novembro,24,Masculino,Pedro Delgado,514,0,pedro7@live.com.br
2000,Trim 4,dezembro,24,Masculino,Raphael Guedes,505,0,raphael35@hotmail.com
